City_ID,City,Country,Lat,Lng,Max Temp,Humidity,Cloudiness,Wind Speed,Current Description
0,Karratha,AU,-20.7377,116.8463,80.51,47,74,9.66,broken clouds
1,Albany,US,42.6001,-73.9662,40.32,54,3,3.51,clear sky
2,Chapleau,CA,47.8405,-83.4034,37.49,81,90,4.61,overcast clouds
3,Khani,GE,41.9563,42.9566,38.77,95,97,1.5,overcast clouds
4,Rikitea,PF,-23.1203,-134.9692,76.59,78,18,15.12,few clouds
5,Tiksi,RU,71.6872,128.8694,-7.42,92,100,5.97,overcast clouds
6,Hithadhoo,MV,-0.6,73.0833,81.81,76,100,18.5,overcast clouds
7,Tuktoyaktuk,CA,69.4541,-133.0374,-23.8,69,20,6.91,few clouds
8,Thompson,CA,55.7435,-97.8558,4.62,84,83,10.4,broken clouds
9,Vaini,TO,-21.2,-175.2,84.36,84,75,4.61,broken clouds
10,Quatre Cocos,MU,-20.2078,57.7625,76.08,76,18,9.1,few clouds
11,Hilo,US,19.7297,-155.09,80.62,69,20,5.75,light rain
12,Khatanga,RU,71.9667,102.5,-11.09,96,38,4.7,scattered clouds
13,Moerai,PF,-22.4333,-151.3333,74.79,73,100,8.01,overcast clouds
14,Carnarvon,AU,-24.8667,113.6333,62.67,77,0,9.22,clear sky
15,Castro,BR,-24.7911,-50.0119,73.92,65,60,5.95,broken clouds
16,Busselton,AU,-33.65,115.3333,58.08,82,42,11.63,scattered clouds
17,Homer,US,59.6425,-151.5483,21.07,73,75,3.44,broken clouds
18,Layou,VC,13.2,-61.2667,80.08,83,20,5.75,few clouds
19,Ushuaia,AR,-54.8,-68.3,47.86,66,20,25.32,few clouds
20,Aanekoski,FI,62.6946,25.818,25.68,100,99,0.74,overcast clouds
21,Beringovskiy,RU,63.05,179.3167,-2.92,81,100,6.15,overcast clouds
22,Tasiilaq,GL,65.6145,-37.6368,26.76,87,100,8.48,overcast clouds
23,Kang,BW,-23.6752,22.7876,74.82,25,14,7.34,few clouds
24,Esperance,AU,-33.8667,121.9,56.08,83,22,1.88,few clouds
25,Qaanaaq,GL,77.484,-69.3632,-4.2,50,0,8.68,clear sky
26,Sitka,US,57.0531,-135.33,44.49,65,90,20.71,moderate rain
27,Longyearbyen,SJ,78.2186,15.6401,3.04,60,40,9.22,scattered clouds
28,Sergeyevka,KZ,53.88,67.4158,-0.98,99,58,5.53,broken clouds
29,Souillac,MU,-20.5167,57.5167,76.35,83,40,4.61,scattered clouds
30,Barrow,US,71.2906,-156.7887,-2.18,78,90,14.97,haze
31,Pevek,RU,69.7008,170.3133,-19.08,93,100,1.23,overcast clouds
32,Mahebourg,MU,-20.4081,57.7,76.24,83,40,4.61,scattered clouds
33,Lagoa,PT,39.05,-27.9833,63.45,77,72,34.14,broken clouds
34,Aklavik,CA,68.2191,-135.0107,-22.97,75,40,3.44,scattered clouds
35,Ciudad Bolivar,VE,8.1222,-63.5497,88.59,50,92,6.04,overcast clouds
36,Bambanglipuro,ID,-7.95,110.2833,77.76,89,98,3.4,overcast clouds
37,Hermanus,ZA,-34.4187,19.2345,60.8,74,0,20.92,clear sky
38,Bluff,NZ,-46.6,168.3333,55.81,66,100,7.43,overcast clouds
39,Mataura,NZ,-46.1927,168.8643,60.75,46,100,3.83,overcast clouds
40,Martinsburg,US,39.4562,-77.9639,49.24,42,1,0.0,clear sky
41,Aksu,CN,41.1231,80.2644,29.32,49,4,2.33,clear sky
42,San Juan De Los Morros,VE,9.9115,-67.3538,76.78,82,88,1.25,overcast clouds
43,Lere,NG,10.387,8.5726,73.53,27,99,4.5,overcast clouds
44,Cabo Rojo,PR,18.0866,-67.1457,84.97,76,45,3.0,scattered clouds
45,Vardo,NO,70.3705,31.1107,30.18,64,75,13.8,light shower snow
46,Chuy,UY,-33.6971,-53.4616,76.26,46,0,6.85,clear sky
47,Havre-Saint-Pierre,CA,50.2334,-63.5986,37.4,80,90,17.27,overcast clouds
48,Airai,TL,-8.9266,125.4092,61.72,92,100,0.36,overcast clouds
49,Chokurdakh,RU,70.6333,147.9167,-18.33,99,98,6.49,overcast clouds
50,Lazaro Cardenas,MX,17.9583,-102.2,83.39,70,5,6.96,clear sky
51,Ponta Do Sol,PT,32.6667,-17.1,64.71,66,84,10.11,broken clouds
52,Moose Factory,CA,51.2585,-80.6094,33.8,86,90,2.3,overcast clouds
53,Hobart,AU,-42.8794,147.3294,63.1,69,20,3.0,few clouds
54,Ambilobe,MG,-13.2,49.05,76.8,79,88,2.06,overcast clouds
55,Sistranda,NO,63.7256,8.834,40.89,74,100,9.51,light rain
56,Bay City,US,43.5945,-83.8889,51.8,49,75,14.97,broken clouds
57,Porto Novo,BJ,6.4965,2.6036,84.02,81,99,7.76,overcast clouds
58,Upernavik,GL,72.7868,-56.1549,27.99,94,100,30.85,snow
59,Touros,BR,-5.1989,-35.4608,83.3,77,46,16.04,scattered clouds
60,Hami,CN,42.8,93.45,25.97,66,15,3.15,few clouds
61,East London,ZA,-33.0153,27.9116,62.37,70,96,6.64,overcast clouds
62,Mar Del Plata,AR,-38.0023,-57.5575,74.73,48,14,13.09,few clouds
63,Rawson,AR,-43.3002,-65.1023,66.81,53,21,18.66,few clouds
64,Nemuro,JP,43.3236,145.575,39.92,66,80,15.46,broken clouds
65,Shetpe,KZ,44.1667,52.1167,33.21,73,100,21.21,overcast clouds
66,Champerico,GT,14.3,-91.9167,91.94,68,40,5.75,scattered clouds
67,Komsomolskiy,UZ,40.4272,71.7189,42.22,60,1,6.91,haze
68,Tura,IN,25.5198,90.2201,58.33,68,0,3.13,clear sky
69,Cherskiy,RU,68.75,161.3,-12.89,98,100,4.29,light snow
70,Atuona,PF,-9.8,-139.0333,77.27,80,32,11.01,light rain
71,Avarua,CK,-21.2078,-159.775,80.65,74,90,9.22,overcast clouds
72,Klaksvik,FO,62.2266,-6.589,40.12,66,93,42.14,overcast clouds
73,Paicandu,BR,-23.4575,-52.0486,85.98,42,90,5.26,overcast clouds
74,Ancud,CL,-41.8697,-73.8203,62.42,85,91,12.77,overcast clouds
75,Kapaa,US,22.0752,-159.319,81.19,66,1,1.01,clear sky
76,Ribeira Grande,PT,38.5167,-28.7,64.8,77,75,33.38,broken clouds
77,Kostomuksha,RU,64.571,30.5767,12.27,97,62,3.06,broken clouds
78,Lokosovo,RU,61.1333,74.8167,-0.8,97,96,7.63,overcast clouds
79,Butaritari,KI,3.0707,172.7902,82.17,70,95,14.27,overcast clouds
80,Vangaindrano,MG,-23.35,47.6,74.34,95,92,7.38,light rain
81,Lompoc,US,34.6391,-120.4579,75.85,49,0,13.0,clear sky
82,Ilulissat,GL,69.2167,-51.1,28.42,80,40,19.57,light snow
83,Gushikawa,JP,26.3544,127.8686,61.83,88,1,5.75,clear sky
84,Kungurtug,RU,50.5994,97.5228,9.36,95,55,2.42,broken clouds
85,Bathsheba,BB,13.2167,-59.5167,81.21,78,40,10.36,scattered clouds
86,Nicoya,CR,10.1483,-85.452,85.55,68,99,4.45,overcast clouds
87,Fortuna,US,40.5982,-124.1573,58.91,59,1,1.99,clear sky
88,Saskylakh,RU,71.9167,114.0833,-13.94,94,87,8.93,overcast clouds
89,Premia De Mar,ES,41.4921,2.3652,53.94,83,92,1.99,overcast clouds
90,Fuerte Olimpo,PY,-21.0415,-57.8738,90.41,56,78,3.96,broken clouds
91,Puerto Ayora,EC,-0.7393,-90.3518,80.56,71,66,11.45,broken clouds
92,Codrington,AU,-38.2667,141.9667,58.48,82,18,10.11,few clouds
93,Provideniya,RU,64.3833,-173.3,3.31,55,0,6.71,clear sky
94,Zhigalovo,RU,54.8097,105.1578,13.95,99,99,3.22,overcast clouds
95,Lebanon,US,36.2081,-86.2911,61.32,33,1,10.36,clear sky
96,Hobyo,SO,5.3505,48.5268,81.37,75,53,10.74,broken clouds
97,Hasaki,JP,35.7333,140.8333,37.8,48,0,5.55,clear sky
98,Severo-Kurilsk,RU,50.6789,156.125,37.35,98,100,17.76,moderate rain
99,Bethel,US,41.3712,-73.414,43.16,46,1,1.01,clear sky
100,Bengkulu,ID,-3.8004,102.2655,74.34,77,81,4.72,broken clouds
101,Rancho Palos Verdes,US,33.7445,-118.387,77.05,66,1,3.0,clear sky
102,Lahaina,US,20.8783,-156.6825,85.24,78,1,3.67,clear sky
103,Garowe,SO,8.4054,48.4845,76.32,61,43,9.73,scattered clouds
104,Nuuk,GL,64.1835,-51.7216,30.81,100,90,9.22,light snow
105,Salalah,OM,17.0151,54.0924,80.69,89,0,3.44,clear sky
106,Balarampur,IN,23.1167,86.2167,64.94,56,1,3.09,clear sky
107,Husavik,IS,66.0449,-17.3389,26.51,87,100,14.32,overcast clouds
108,Rosarito,MX,32.3333,-117.0333,76.64,59,0,7.65,clear sky
109,Lingao,CN,19.9103,109.6859,65.88,77,12,6.31,few clouds
110,Kavaratti,IN,10.5669,72.642,81.1,76,100,2.13,overcast clouds
111,Cayenne,GF,4.9333,-52.3333,83.08,84,75,5.01,broken clouds
112,Punta Arenas,CL,-53.15,-70.9167,55.51,35,40,13.8,scattered clouds
113,Jamestown,US,42.097,-79.2353,44.19,54,1,4.0,clear sky
114,Zhezkazgan,KZ,47.8043,67.7144,36.68,81,100,10.0,overcast clouds
115,Poya,NC,-21.35,165.15,78.19,71,99,1.74,overcast clouds
116,Iranshahr,IR,27.2025,60.6848,62.94,36,0,6.91,clear sky
117,Verkhnevilyuysk,RU,63.4453,120.3167,-5.87,91,100,4.14,overcast clouds
118,Norman Wells,CA,65.282,-126.8329,-25.56,68,40,3.44,scattered clouds
119,Marsabit,KE,2.3284,37.9899,73.02,42,0,7.85,clear sky
120,Atasu,KZ,48.6814,71.6433,36.37,76,100,13.58,overcast clouds
121,Iqaluit,CA,63.7506,-68.5145,28.13,68,90,28.01,overcast clouds
122,Vostok,RU,46.4856,135.8833,3.47,99,100,3.13,overcast clouds
123,Lorengau,PG,-2.0226,147.2712,82.24,76,27,4.09,scattered clouds
124,Geraldton,AU,-28.7667,114.6,61.21,63,0,6.91,clear sky
125,Kahului,US,20.8947,-156.47,85.26,71,20,16.11,few clouds
126,Cocachacra,PE,-17.0883,-71.7575,69.39,72,91,7.14,overcast clouds
127,Laguna,US,38.421,-121.4238,68.29,40,1,1.99,clear sky
128,Lahij,YE,13.1667,44.5833,76.08,66,60,2.57,broken clouds
129,Krasnokholm,RU,51.5979,54.1567,-3.71,100,40,2.86,scattered clouds
130,Hargeysa,SO,9.56,44.065,64.67,44,71,9.24,broken clouds
131,Sri Aman,MY,1.2376,111.4621,75.25,100,100,0.0,overcast clouds
132,Coahuayana,MX,18.7333,-103.6833,92.68,54,99,6.44,overcast clouds
133,Meulaboh,ID,4.1363,96.1285,74.84,84,99,2.98,overcast clouds
134,Linkou,CN,45.3,130.2833,9.25,88,95,4.56,overcast clouds
135,Petropavlovsk-Kamchatskiy,RU,53.0452,158.6483,37.99,60,75,22.37,moderate rain
136,Nishihara,JP,26.1842,127.7558,61.88,67,75,3.44,broken clouds
137,Talnakh,RU,69.4865,88.3972,10.78,95,100,7.65,overcast clouds
138,Mandera,KE,3.9366,41.867,84.47,25,7,1.21,clear sky
139,Fairbanks,US,64.8378,-147.7164,-7.4,74,20,0.0,few clouds
140,Karasjok,NO,69.4719,25.5112,-0.29,100,80,1.63,broken clouds
141,Sesheke,ZM,-17.4759,24.2968,74.91,17,8,5.5,clear sky
142,Ouadda,CF,8.0777,22.4007,71.1,34,1,4.05,clear sky
143,Nikolskoye,RU,59.7035,30.7861,33.69,88,77,3.69,broken clouds
144,Paipa,CO,5.7801,-73.1171,57.56,93,99,2.04,overcast clouds
145,Manzhouli,CN,49.6,117.4333,-1.28,76,15,5.3,few clouds
146,Deputatskiy,RU,69.3,139.9,-31.2,99,25,4.88,scattered clouds
147,Alta,NO,69.9689,23.2717,2.46,85,0,5.75,clear sky
148,Saint-Pierre,RE,-21.3393,55.4781,75.56,71,0,5.75,clear sky
149,Umea,SE,63.8284,20.2597,28.9,100,90,4.61,light snow
150,Thunder Bay,CA,48.4001,-89.3168,35.29,77,94,8.01,overcast clouds
151,Semikarakorsk,RU,47.5194,40.8112,23.81,59,0,4.34,clear sky
152,Labuhan,ID,-6.8844,112.2051,79.11,84,92,6.71,overcast clouds
153,Shingu,JP,33.7333,135.9833,46.49,77,6,5.97,clear sky
154,Prykolotne,UA,50.1604,37.3474,23.85,56,8,11.7,clear sky
155,Saint Anthony,US,45.0205,-93.218,44.55,65,1,5.99,clear sky
156,Katsuura,JP,35.1333,140.3,46.51,68,0,9.66,clear sky
157,Shaghat,AM,39.5625,45.9143,39.9,80,97,1.79,overcast clouds
158,Cookeville,US,36.1628,-85.5016,58.71,31,1,3.0,clear sky
159,Lethem,GY,3.3803,-59.7968,87.46,50,98,8.41,overcast clouds
160,Bratsk,RU,56.1325,101.6142,16.29,95,80,3.87,broken clouds
161,Tateyama,JP,34.9833,139.8667,46.42,63,0,12.44,clear sky
162,Grand Gaube,MU,-20.0064,57.6608,76.37,74,18,3.0,few clouds
163,Jiuquan,CN,39.7432,98.5174,27.07,44,2,2.15,clear sky
164,La Plata,AR,-34.9215,-57.9545,94.03,21,12,5.97,few clouds
165,Pangai,TO,-19.8,-174.35,84.31,65,20,4.61,few clouds
166,Fort Nelson,CA,58.8053,-122.7002,-6.21,84,90,0.0,light snow
167,Port Hedland,AU,-20.3167,118.5667,80.65,24,100,8.05,overcast clouds
168,Polyarnyy,RU,69.1989,33.4478,1.87,77,95,1.14,light snow
169,Luau,AO,-10.7073,22.2247,63.55,97,100,4.56,moderate rain
170,Izmalkovo,RU,52.6887,37.964,28.24,93,99,19.37,light snow
171,Saldanha,ZA,-33.0117,17.9442,63.09,70,0,16.35,clear sky
172,Wadi Musa,JO,30.3222,35.4793,54.27,51,91,2.15,overcast clouds
173,Kodiak,US,57.79,-152.4072,22.51,63,90,14.97,overcast clouds
174,Hirara,JP,24.8,125.2833,70.77,65,95,12.84,overcast clouds
175,Zhanakorgan,KZ,43.9098,67.2495,46.6,49,20,13.98,few clouds
176,Leh,IN,34.1667,77.5833,20.28,81,95,1.39,overcast clouds
177,Chifeng,CN,42.2683,118.9636,24.01,62,4,6.26,clear sky
178,Skibbereen,IE,51.55,-9.2667,37.2,74,7,15.19,clear sky
179,Sertanopolis,BR,-23.0586,-51.0364,91.47,39,70,3.74,broken clouds
180,Malko Tarnovo,BG,41.9833,27.5333,37.38,78,86,6.15,overcast clouds
181,Vrangel,RU,42.7297,133.0839,24.21,58,10,13.04,clear sky
182,Dikson,RU,73.5069,80.5464,5.79,89,100,10.02,overcast clouds
183,Saint-Philippe,RE,-21.3585,55.7679,75.47,80,9,8.75,clear sky
184,Bredasdorp,ZA,-34.5322,20.0403,60.28,68,2,14.38,clear sky
185,Cidreira,BR,-30.1811,-50.2056,68.72,69,0,16.67,clear sky
186,Benjamin Constant,BR,-4.3831,-70.0311,78.93,88,75,2.3,light rain
187,Saint-Prosper,CA,46.2117,-70.4811,28.71,51,0,8.39,clear sky
188,Port Alfred,ZA,-33.5906,26.891,61.84,74,85,10.74,overcast clouds
189,Powell River,CA,49.8496,-124.5361,45.28,93,90,13.8,mist
190,Pisco,PE,-13.7,-76.2167,69.85,73,0,13.8,clear sky
191,Namibe,AO,-15.1961,12.1522,69.94,61,7,9.75,clear sky
192,Chicama,PE,-7.8447,-79.1469,63.14,64,84,10.04,broken clouds
193,Araouane,ML,18.9048,-3.5265,79.72,27,3,8.93,clear sky
194,Terrace Bay,CA,48.7834,-87.1,39.7,77,100,8.66,overcast clouds
195,Mariakani,KE,-3.8633,39.4736,80.69,96,53,3.4,broken clouds
196,Bama,NG,11.5221,13.6856,77.88,23,0,8.14,clear sky
197,Ulverstone,AU,-41.15,146.1667,60.3,67,4,4.94,clear sky
198,Lubango,AO,-14.9172,13.4925,62.06,44,6,3.56,clear sky
199,Bodden Town,KY,19.2833,-81.25,82.4,74,40,11.01,scattered clouds
200,Luderitz,NA,-26.6481,15.1594,61.29,81,0,14.41,clear sky
201,Paamiut,GL,61.994,-49.6678,35.31,98,100,19.77,moderate rain
202,Chumikan,RU,54.7183,135.315,18.36,95,100,8.19,snow
203,Taoudenni,ML,22.6783,-3.9836,82.26,32,100,7.83,overcast clouds
204,Bethanien,NA,-26.502,17.1583,73.69,24,0,8.25,clear sky
205,Kozhevnikovo,RU,56.2589,83.9714,9.12,100,98,4.38,overcast clouds
206,Vestmannaeyjar,IS,63.4427,-20.2734,34.43,65,100,9.37,overcast clouds
207,Port Elizabeth,ZA,-33.918,25.5701,62.89,77,40,10.36,light rain
208,Kieta,PG,-6.2167,155.6333,82.13,70,21,3.53,few clouds
209,Otane,NZ,-39.8833,176.6333,65.39,55,23,5.32,few clouds
210,Maihar,IN,24.2667,80.75,59.83,36,1,1.34,clear sky
211,Faanui,PF,-16.4833,-151.75,80.96,73,7,7.31,clear sky
212,Pangnirtung,CA,66.1451,-65.7125,19.4,73,90,6.91,light snow
213,Iquique,CL,-20.2208,-70.1431,66.24,68,68,6.71,broken clouds
214,Tres Lagoas,BR,-20.7511,-51.6783,88.7,38,100,6.62,overcast clouds
215,Bubaque,GW,11.2833,-15.8333,82.89,77,32,11.05,scattered clouds
216,Newport,GB,51.5877,-2.9984,45.77,89,100,4.38,overcast clouds
217,New Norfolk,AU,-42.7826,147.0587,62.74,52,8,5.01,clear sky
218,Saquarema,BR,-22.92,-42.5103,75.34,85,8,6.85,clear sky
219,Ormara,PK,25.2088,64.6357,77.0,53,3,4.03,clear sky
220,Abapo,BO,-18.8333,-63.4667,80.4,54,100,6.73,overcast clouds
221,Los Llanos De Aridane,ES,28.6585,-17.9182,67.75,82,40,11.99,volcanic ash
222,Tucupita,VE,9.0622,-62.051,81.77,76,97,4.79,overcast clouds
223,Brunswick,US,41.2381,-81.8418,48.13,49,75,10.0,broken clouds
224,Mosquera,CO,4.7059,-74.2302,62.69,67,40,4.61,scattered clouds
225,Nisia Floresta,BR,-6.0911,-35.2086,83.21,78,9,11.25,clear sky
226,Portland,US,45.5234,-122.6762,49.77,88,90,1.01,overcast clouds
227,Iberia,US,29.9502,-91.7507,74.05,53,75,11.5,broken clouds
228,Lavrentiya,RU,65.5833,-171.0,-4.88,91,24,8.01,few clouds
229,Kushiro,JP,42.975,144.3747,37.09,67,50,11.59,scattered clouds
230,Keti Bandar,PK,24.1447,67.4497,75.2,79,21,7.99,few clouds
231,Saint George,US,37.1041,-113.5841,61.27,17,1,4.0,clear sky
232,Kandi,BJ,11.1342,2.9386,81.72,25,99,2.84,overcast clouds
233,Ardesen,TR,41.1911,40.9875,48.16,83,100,0.34,overcast clouds
234,Santa Rosa,PH,14.3122,121.1114,80.11,92,100,7.7,overcast clouds
235,Prieska,ZA,-29.6641,22.7474,69.21,29,51,13.04,broken clouds
236,Sandomierz,PL,50.6827,21.749,39.65,82,9,3.0,clear sky
237,Alfenas,BR,-21.4292,-45.9472,74.86,61,100,3.74,overcast clouds
238,Billings,US,45.7833,-108.5007,39.92,83,75,5.75,snow
239,Santa Maria,BR,-29.6842,-53.8069,81.09,37,4,8.05,clear sky
240,Jizan,SA,17.3333,42.6667,81.54,70,35,5.17,scattered clouds
241,Phuket,TH,8.0,98.25,79.02,89,40,3.44,scattered clouds
242,San Pedro Buenavista,MX,16.0833,-93.1167,85.69,46,67,2.95,broken clouds
243,Yellowknife,CA,62.456,-114.3525,4.41,91,90,9.22,light snow
244,Rundu,NA,-17.9333,19.7667,76.91,14,0,4.12,clear sky
245,Caravelas,BR,-17.7125,-39.2481,75.29,82,98,5.39,overcast clouds
246,Antalaha,MG,-14.9003,50.2788,72.03,86,45,3.33,scattered clouds
247,Makakilo City,US,21.3469,-158.0858,82.72,52,75,5.75,broken clouds
248,Jiayuguan,CN,39.8167,98.3,27.84,30,2,3.44,clear sky
249,Adrar,MR,20.5022,-10.0711,80.51,28,100,5.73,overcast clouds
250,Zhuanghe,CN,39.7008,122.9911,31.66,65,0,6.13,clear sky
251,Honiara,SB,-9.4333,159.95,82.0,77,45,6.44,scattered clouds
252,Eseka,CM,3.65,10.7667,73.4,98,45,2.13,light rain
253,Muyezerskiy,RU,63.9333,31.65,15.04,96,97,5.01,overcast clouds
254,Fairhope,US,30.523,-87.9033,69.15,63,40,4.0,scattered clouds
255,Kuah,MY,6.3265,99.8432,78.78,89,20,0.0,few clouds
256,Samokov,BG,42.3333,23.55,38.03,91,52,2.89,broken clouds
257,Ixtapa,MX,20.7,-105.2,84.22,65,20,9.22,few clouds
258,Semey,KZ,50.4111,80.2275,38.01,86,100,18.68,moderate rain
259,Kaduqli,SD,11.0167,29.7167,77.5,20,0,11.56,clear sky
260,Kotka,FI,60.4664,26.9458,29.46,78,100,4.25,overcast clouds
261,Nanortalik,GL,60.1432,-45.2371,39.56,96,100,15.39,moderate rain
262,Inuvik,CA,68.3499,-133.7218,-29.83,100,89,2.53,overcast clouds
263,Beloha,MG,-25.1667,45.05,69.28,71,82,6.13,broken clouds
264,Hoa Binh,VN,20.8133,105.3383,60.69,86,19,3.11,few clouds
265,Victoria,HK,22.2855,114.1577,67.32,74,3,4.0,clear sky
266,Brae,GB,60.3964,-1.353,42.71,70,79,33.38,broken clouds
267,Georgetown,MY,5.4112,100.3354,76.95,95,40,2.3,thunderstorm with light rain
268,Superior,US,46.7208,-92.1041,37.22,76,1,16.11,clear sky
269,Bonavista,CA,48.6499,-53.1147,48.2,98,100,21.63,overcast clouds
270,Kenai,US,60.5544,-151.2583,16.14,85,75,4.61,light snow
271,Celestun,MX,20.8667,-90.4,79.02,56,3,14.03,clear sky
272,Axim,GH,4.8699,-2.2405,80.17,85,66,6.4,broken clouds
273,Naze,JP,28.3667,129.4833,57.52,65,10,4.99,clear sky
274,Mumford,GH,5.2618,-0.759,80.98,83,8,8.79,clear sky
275,Maua,BR,-23.6678,-46.4614,70.36,90,55,8.77,broken clouds
276,Sao Filipe,CV,14.8961,-24.4956,79.38,68,36,2.84,scattered clouds
277,Ibimirim,BR,-8.5406,-37.6903,91.65,25,50,6.13,scattered clouds
278,Makat,KZ,47.6469,53.3463,21.85,76,12,11.56,few clouds
279,Marawi,PH,7.9986,124.2928,66.65,92,100,1.79,overcast clouds
280,Vila Velha,BR,-20.3297,-40.2925,76.95,85,40,8.01,scattered clouds
281,Padang,ID,-0.9492,100.3543,75.25,71,100,2.35,overcast clouds
282,Khirkiya,IN,22.1674,76.8605,69.64,59,3,2.51,clear sky
283,Lewistown,US,40.5992,-77.5714,45.77,42,1,0.0,clear sky
284,Sorland,NO,67.667,12.6934,24.87,55,100,27.94,overcast clouds
285,Koumac,NC,-20.5667,164.2833,76.3,77,98,0.85,overcast clouds
286,Morro Bay,US,35.3658,-120.8499,75.99,27,5,4.0,clear sky
287,Udachnyy,RU,66.4167,112.4,-10.89,93,100,7.27,overcast clouds
288,Cilegon,ID,-6.0174,106.0538,78.69,82,99,7.49,overcast clouds
289,Sobolevo,RU,54.4299,31.8996,33.93,91,98,12.19,overcast clouds
290,Drochtersen,DE,53.7102,9.3846,44.1,94,13,7.54,few clouds
291,Pleasanton,US,37.6624,-121.8747,67.91,30,1,3.0,clear sky
292,Zharkent,KZ,44.1628,80.0,35.73,59,10,2.51,clear sky
293,Gravdal,NO,68.1214,13.5031,29.88,68,20,5.75,few clouds
294,Diego De Almagro,CL,-26.3667,-70.05,80.17,16,0,12.21,clear sky
295,Marfino,RU,55.7028,37.3822,34.05,91,90,17.9,light snow
296,Cockburn Town,TC,21.4612,-71.1419,79.65,64,100,18.19,overcast clouds
297,Port Blair,IN,11.6667,92.75,81.14,82,100,13.4,overcast clouds
298,Lookan,PH,5.037,120.1027,82.6,76,94,4.94,overcast clouds
299,Lakes Entrance,AU,-37.8811,147.981,66.58,93,100,6.44,overcast clouds
300,Machalpur,IN,24.1333,76.3,66.61,45,0,3.74,clear sky
301,Dingle,PH,10.9995,122.6711,76.75,93,97,6.96,overcast clouds
302,Nadvoitsy,RU,63.8667,34.3167,19.92,96,94,7.43,overcast clouds
303,Carauari,BR,-4.8828,-66.8958,80.38,90,93,2.39,light rain
304,Yankton,US,42.8711,-97.3973,36.12,75,90,24.16,overcast clouds
305,Lichinga,MZ,-13.3128,35.2406,69.89,83,75,9.22,broken clouds
306,Anadyr,RU,64.75,177.4833,-14.01,75,0,8.01,clear sky
307,Grindavik,IS,63.8424,-22.4338,36.07,64,90,10.36,overcast clouds
308,Asau,RO,46.4333,26.4,30.76,85,5,3.44,clear sky
309,San Patricio,US,28.017,-97.5169,82.81,68,94,19.6,overcast clouds
310,Port-Cartier,CA,50.0334,-66.8654,34.02,54,0,15.26,clear sky
311,Sinjar,IQ,36.3209,41.8754,54.05,57,55,1.83,broken clouds
312,Kaitangata,NZ,-46.2817,169.8464,60.66,53,100,2.66,overcast clouds
313,Chapais,CA,49.7834,-74.8492,26.38,87,47,7.34,scattered clouds
314,Tigil,RU,57.8,158.6667,5.85,91,7,4.03,clear sky
315,Arraial Do Cabo,BR,-22.9661,-42.0278,75.16,83,20,11.5,few clouds
316,Kidal,ML,18.4411,1.4078,80.85,25,3,10.2,clear sky
317,Westport,US,41.1415,-73.3579,45.05,42,1,1.01,clear sky
318,Ahipara,NZ,-35.1667,173.1667,62.83,80,93,3.09,overcast clouds
319,Jalu,LY,29.0331,21.5482,68.58,32,0,6.55,clear sky
320,Kribi,CM,2.95,9.9167,79.57,89,94,10.47,overcast clouds
321,Ostrovnoy,RU,68.0531,39.5131,28.72,48,99,24.38,overcast clouds
322,Lata,PT,40.1629,-8.3327,52.92,92,3,3.29,clear sky
323,Constitucion,CL,-35.3333,-72.4167,60.57,73,8,10.22,clear sky
324,Antofagasta,CL,-23.65,-70.4,63.68,68,19,8.86,few clouds
325,Sindor,RU,62.8629,51.8905,6.46,95,100,5.55,overcast clouds
326,Trairi,BR,-3.2778,-39.2689,81.28,77,66,12.75,broken clouds
327,Narsaq,GL,60.9167,-46.05,32.22,99,100,6.64,heavy snow
328,Cape Town,ZA,-33.9258,18.4232,64.11,52,0,12.66,clear sky
329,Hajnowka,PL,52.7433,23.5812,42.03,84,100,1.01,overcast clouds
330,Aninoasa,RO,44.9667,25.4333,37.72,99,39,1.16,scattered clouds
331,Giyani,ZA,-23.3025,30.7187,66.54,74,6,13.11,clear sky
332,Whitehorse,CA,60.7161,-135.0538,14.77,78,75,10.0,light snow
333,Sambava,MG,-14.2667,50.1667,74.3,79,26,3.11,scattered clouds
334,Mirnyy,RU,62.5353,113.9611,-10.5,99,100,3.69,overcast clouds
335,Torbay,CA,47.6666,-52.7314,50.29,98,90,17.27,fog
336,Umm Lajj,SA,25.0213,37.2685,76.64,56,17,8.79,few clouds
337,Freeport,US,40.6576,-73.5832,46.36,42,1,4.0,clear sky
338,San Quintin,MX,30.4833,-115.95,66.56,63,99,9.13,overcast clouds
339,Bam,IR,29.106,58.357,58.57,53,0,2.68,clear sky
340,Cabo San Lucas,MX,22.8909,-109.9124,84.61,53,1,8.01,clear sky
341,Sur,OM,22.5667,59.5289,78.58,35,0,6.6,clear sky
342,Pitimbu,BR,-7.4706,-34.8086,81.19,75,3,11.41,clear sky
343,Olafsvik,IS,64.8945,-23.7142,35.8,91,100,22.46,overcast clouds
344,Flinders,AU,-34.5833,150.8552,71.19,93,100,1.01,light rain
345,Nelson,NZ,-41.2833,173.2833,71.8,66,100,3.47,overcast clouds
346,Qarchi Gak,AF,37.04,66.7889,55.44,51,0,10.13,clear sky
347,Mount Gambier,AU,-37.8333,140.7667,58.24,80,31,8.88,scattered clouds
348,Mahibadhoo,MV,3.7833,72.9667,81.19,76,100,17.52,overcast clouds
349,Hamilton,US,39.1834,-84.5333,54.55,42,1,1.99,clear sky
350,Tuatapere,NZ,-46.1333,167.6833,59.65,55,100,6.26,overcast clouds
351,Lenger,KZ,42.183,69.8839,49.44,57,41,8.23,scattered clouds
352,Sioux Lookout,CA,50.1001,-91.917,14.38,73,90,11.5,light snow
353,College,US,64.8569,-147.8028,-7.42,74,40,4.61,scattered clouds
354,Mazamari,PE,-11.3258,-74.5308,71.98,98,100,2.1,overcast clouds
355,Tessalit,ML,20.1986,1.0114,77.63,30,66,8.05,broken clouds
356,Mezen,RU,65.8522,44.24,15.01,94,99,5.86,overcast clouds
357,Banjar,ID,-8.19,114.9675,78.66,88,99,4.65,overcast clouds
358,Lindi,TZ,-10.0,39.7167,74.59,90,68,0.78,broken clouds
359,Pacific Grove,US,36.6177,-121.9166,69.91,27,1,4.0,clear sky
360,Merced,US,37.1666,-120.7516,64.89,31,2,8.25,clear sky
361,Teguldet,RU,57.3064,88.1667,20.35,93,100,8.88,overcast clouds
362,Bambous Virieux,MU,-20.3428,57.7575,76.21,83,40,4.61,scattered clouds
363,Saint-Francois,FR,46.4154,3.9054,33.67,91,98,4.61,overcast clouds
364,Wajima,JP,37.4,136.9,54.05,64,96,25.88,overcast clouds
365,Nebolchi,RU,59.1239,33.3454,30.0,86,100,9.55,overcast clouds
366,Lebu,CL,-37.6167,-73.65,60.15,75,22,8.57,few clouds
367,Aasiaat,GL,68.7098,-52.8699,29.5,89,100,22.88,light snow
368,Parati,BR,-23.2178,-44.7131,88.7,90,87,1.86,overcast clouds
369,Loiza,PR,18.4313,-65.8802,84.18,71,20,8.05,few clouds
370,Neiafu,TO,-18.65,-173.9833,83.08,74,20,5.75,few clouds
371,Necochea,AR,-38.5473,-58.7368,77.04,43,6,13.13,clear sky
372,Keningau,MY,5.3378,116.1602,72.05,98,100,1.25,overcast clouds
373,Marsh Harbour,BS,26.5412,-77.0636,69.75,64,100,17.13,overcast clouds
374,Cansancao,BR,-10.6672,-39.4992,84.52,47,86,7.74,overcast clouds
375,Boende,CD,-0.2167,20.8667,74.68,80,92,2.28,overcast clouds
376,Cururupu,BR,-1.8283,-44.8683,80.17,76,65,4.09,broken clouds
377,Ust-Maya,RU,60.4167,134.5333,-24.27,99,67,0.69,broken clouds
378,Srednekolymsk,RU,67.45,153.6833,-15.03,99,100,4.72,overcast clouds
379,Lucapa,AO,-8.4192,20.7447,65.59,96,100,1.5,light rain
380,Rocha,UY,-34.4833,-54.3333,80.15,37,0,9.42,clear sky
381,Hovd,MN,48.0056,91.6419,26.19,55,3,8.95,clear sky
382,Nola,IT,40.922,14.5329,58.37,73,89,5.39,overcast clouds
383,Sterling,US,39.0062,-77.4286,49.32,42,75,5.01,broken clouds
384,Hualmay,PE,-11.0964,-77.6139,69.51,76,86,10.27,overcast clouds
385,Merauke,ID,-8.4667,140.3333,80.37,78,100,4.9,overcast clouds
386,Tahe,CN,52.3333,124.7333,3.78,91,100,3.6,overcast clouds
387,Lodja,CD,-3.4833,23.4333,69.35,99,97,2.39,light rain
388,Severo-Yeniseyskiy,RU,60.3725,93.0408,14.63,90,100,8.39,overcast clouds
389,Spearfish,US,44.4908,-103.8594,33.89,47,1,3.0,clear sky
390,Vitim,RU,59.4511,112.5578,-0.89,96,99,2.48,overcast clouds
391,Kavieng,PG,-2.5744,150.7967,83.03,72,16,12.46,few clouds
392,Tet,HU,47.5192,17.508,31.87,86,0,4.61,clear sky
393,Ahuimanu,US,21.4447,-157.8378,83.91,53,75,9.22,broken clouds
394,Dakar,SN,14.6937,-17.4441,80.73,100,0,4.61,clear sky
395,Puerto Escondido,MX,15.85,-97.0667,83.23,69,1,5.75,clear sky
396,Kaspiysk,RU,42.8816,47.6392,37.58,80,90,18.01,overcast clouds
397,Matelandia,BR,-25.2408,-53.9964,91.76,46,100,4.27,overcast clouds
398,Gudivada,IN,16.45,80.9833,73.96,94,99,5.35,overcast clouds
399,Vaitape,PF,-16.5167,-151.75,80.94,73,7,7.18,clear sky
400,Eureka,US,40.8021,-124.1637,59.18,67,92,1.99,overcast clouds
401,Corning,US,42.1428,-77.0547,44.64,57,1,0.0,clear sky
402,Kafr Sawm,JO,32.6833,35.8,60.78,52,95,0.89,overcast clouds
403,Vao,NC,-22.6667,167.4833,75.04,81,100,16.89,overcast clouds
404,Panubigan,PH,7.4281,123.3466,78.75,84,98,4.83,overcast clouds
405,Juba,SS,4.8517,31.5825,81.28,36,2,2.06,clear sky
406,Avera,US,33.194,-82.5271,60.75,21,3,4.5,clear sky
407,Belaya Gora,RU,68.5333,146.4167,-28.93,100,91,4.45,overcast clouds
408,Ayagoz,KZ,47.9714,80.4392,22.12,86,100,2.42,overcast clouds
409,Arona,ES,28.0996,-16.681,63.82,77,40,1.01,scattered clouds
410,Bireun,ID,5.203,96.7009,77.27,84,100,6.11,overcast clouds
411,Half Moon Bay,US,37.4636,-122.4286,68.32,30,1,12.66,clear sky
412,San Carlos De Bariloche,AR,-41.1456,-71.3082,69.44,37,20,33.38,few clouds
413,Matamoros,MX,25.5333,-103.25,80.71,33,75,5.75,broken clouds
414,Talcahuano,CL,-36.7167,-73.1167,62.28,67,75,9.22,broken clouds
415,Solok,ID,-0.7918,100.6593,70.75,78,100,2.98,overcast clouds
416,Codajas,BR,-3.8367,-62.0569,82.71,70,100,2.93,overcast clouds
417,Namtsy,RU,62.7161,129.6658,-27.29,98,94,1.81,overcast clouds
418,Anloga,GH,5.7947,0.8973,82.58,79,87,10.71,overcast clouds
419,Tocopilla,CL,-22.092,-70.1979,67.42,63,97,7.83,overcast clouds
420,Port Hardy,CA,50.6996,-127.4199,44.6,93,90,24.16,light rain
421,Uberaba,BR,-19.7483,-47.9319,90.18,27,0,5.75,clear sky
422,Port Augusta,AU,-32.5,137.7667,66.7,83,100,17.76,overcast clouds
423,Aljezur,PT,37.3191,-8.8033,53.42,75,37,12.33,scattered clouds
424,San Ignacio,BZ,17.1561,-89.0714,74.53,90,96,3.87,overcast clouds
425,Baruun-Urt,MN,46.6806,113.2792,6.73,90,30,4.79,scattered clouds
426,Batsfjord,NO,70.6345,29.7185,30.2,86,75,5.75,light shower snow
427,Dnestrovsc,MD,46.6222,29.9133,37.76,63,1,4.27,clear sky
428,Okhotsk,RU,59.3833,143.3,7.41,73,41,13.67,scattered clouds
429,Nueva Guinea,NI,11.6876,-84.4562,81.03,75,98,7.34,overcast clouds
430,Dong Hoi,VN,17.4833,106.6,64.92,80,94,9.93,overcast clouds
431,Kinsale,IE,51.7075,-8.5306,37.24,93,20,10.36,few clouds
432,Neuquen,AR,-38.9516,-68.0591,93.09,22,20,6.91,few clouds
433,Leningradskiy,RU,69.3833,178.4167,-15.38,96,100,4.12,overcast clouds
434,Benjamin Aceval,PY,-24.9667,-57.5667,89.74,53,88,5.12,overcast clouds
435,Solnechnyy,RU,50.7214,136.6319,20.07,93,100,6.98,light snow
436,Atar,MR,20.5169,-13.0499,85.77,24,100,7.78,overcast clouds
437,Evensk,RU,61.95,159.2333,3.78,86,95,5.1,overcast clouds
438,Ribas Do Rio Pardo,BR,-20.4431,-53.7592,89.71,46,100,3.06,overcast clouds
439,Orangeburg,US,33.4918,-80.8557,57.49,30,1,0.0,clear sky
440,Wakkanai,JP,45.4094,141.6739,32.31,70,100,14.74,light snow
441,Hailey,US,43.5196,-114.3153,41.9,59,1,11.5,clear sky
442,Cao Bang,VN,22.6667,106.25,57.11,93,100,1.48,overcast clouds
443,Cascavel,BR,-24.9558,-53.4553,85.6,39,40,5.75,scattered clouds
444,Karur,IN,10.95,78.0833,74.21,85,100,2.01,overcast clouds
445,Bazarnyye Mataki,RU,54.8833,49.9333,19.0,86,100,13.96,overcast clouds
446,La Ronge,CA,55.1001,-105.2842,-0.15,46,75,2.3,broken clouds
447,Finschhafen,PG,-6.6024,147.8681,80.92,76,81,2.44,light rain
448,Tatawin,TN,32.9297,10.4518,61.05,59,100,4.76,overcast clouds
449,Nador,MA,35.174,-2.9287,55.65,71,0,3.44,clear sky
450,Shimoda,JP,34.6667,138.95,48.11,62,0,26.37,clear sky
451,Marshfield,US,44.6689,-90.1718,49.95,53,1,6.91,clear sky
452,Princeton,US,25.5384,-80.4089,73.99,61,90,12.66,overcast clouds
453,Bremerton,US,47.5673,-122.6326,49.57,79,1,1.99,clear sky
454,Sorong,ID,-0.8833,131.25,80.67,82,40,5.1,scattered clouds
455,Cabedelo,BR,-6.9811,-34.8339,81.27,76,4,12.33,clear sky
456,Bukachacha,RU,52.9833,116.9167,0.63,81,100,1.52,overcast clouds
457,Toktogul,KG,41.8708,72.9402,38.86,59,12,3.76,few clouds
458,Krasnyy Kut,RU,50.95,46.9667,21.56,83,29,8.77,scattered clouds
459,Qandala,SO,11.472,49.8728,80.58,65,32,0.43,scattered clouds
460,Laguna De Perlas,NI,12.3429,-83.6712,80.33,78,65,11.39,broken clouds
461,Swan Hill,AU,-35.3378,143.5544,66.52,92,100,7.45,overcast clouds
462,Zhigansk,RU,66.7697,123.3711,-22.59,96,100,4.52,overcast clouds
463,Ocampo,MX,21.65,-101.5,74.28,26,10,12.08,clear sky
464,Sao Joao Da Barra,BR,-21.6403,-41.0511,77.09,82,5,10.36,clear sky
465,Kholtoson,RU,50.2981,103.3097,8.17,92,11,3.49,few clouds
466,Ishigaki,JP,24.3448,124.1572,71.73,73,75,12.66,broken clouds
467,Neftekamsk,RU,56.092,54.2703,14.85,95,99,9.01,overcast clouds
468,Barstow,US,34.8986,-117.0228,65.48,15,0,17.9,clear sky
469,Bogovarovo,RU,58.9785,47.0246,19.22,93,100,8.88,light snow
470,Auki,SB,-8.7676,160.7034,81.72,74,43,4.9,scattered clouds
471,Gizo,SB,-8.103,156.8419,82.96,72,89,4.63,overcast clouds
472,Batagay-Alyta,RU,67.8006,130.4114,-24.3,88,88,3.62,overcast clouds
473,The Valley,AI,18.217,-63.0578,82.26,74,40,4.61,scattered clouds
474,Cozumel,MX,20.5083,-86.9458,78.94,63,40,11.01,scattered clouds
475,Presidencia Roque Saenz Pena,AR,-26.7852,-60.4388,92.62,43,76,6.62,broken clouds
476,Prince Rupert,CA,54.3161,-130.3201,44.29,85,90,37.98,light rain
477,Curuca,BR,-0.7289,-47.8481,77.32,86,56,6.46,broken clouds
478,Ambon,ID,-3.6954,128.1814,77.14,94,40,8.05,scattered clouds
479,Waipawa,NZ,-41.4122,175.5153,63.3,51,94,5.17,overcast clouds
480,Kudligi,IN,14.9,76.3833,70.43,92,69,7.25,broken clouds
481,Kholm,RU,59.2667,32.85,30.9,83,100,8.1,overcast clouds
482,Bulgan,MN,48.8125,103.5347,18.1,72,10,4.65,clear sky
483,Bang Krathum,TH,16.5783,100.3003,70.57,87,86,3.4,overcast clouds
484,Kastamonu,TR,41.5,33.6667,38.01,88,100,5.77,overcast clouds
485,Valparaiso,CL,-33.0393,-71.6273,65.84,67,20,6.91,few clouds
486,Langxiang,CN,46.95,128.8833,7.52,98,98,3.47,overcast clouds
487,Tautira,PF,-17.7333,-149.15,86.02,77,41,8.57,scattered clouds
488,Egvekinot,RU,66.3167,-179.1667,-5.62,79,100,6.31,overcast clouds
489,Macapa,BR,0.0389,-51.0664,80.58,89,40,3.44,scattered clouds
490,Saryg-Sep,RU,51.5,95.6,4.68,95,84,3.96,broken clouds
491,Kodinsk,RU,58.6881,99.1844,18.48,94,98,5.66,overcast clouds
492,Januaria,BR,-15.4833,-44.3667,79.92,56,59,4.5,broken clouds
493,Hitoyoshi,JP,32.2167,130.75,50.7,81,100,2.08,overcast clouds
494,Guerrero Negro,MX,27.9769,-114.0611,69.21,63,85,13.82,overcast clouds
495,Gaoual,GN,11.75,-13.2,79.41,33,36,2.86,scattered clouds
496,Morogoro,TZ,-6.8167,37.6667,73.51,89,44,4.85,scattered clouds
497,Suslovo,RU,56.2167,88.1167,21.11,95,100,10.45,light snow
498,Huntsville,US,34.7304,-86.5861,61.05,32,40,1.01,scattered clouds
499,Tuy Hoa,VN,13.0833,109.3,74.75,90,91,14.43,overcast clouds
500,Ekhabi,RU,53.5102,142.9671,30.09,89,84,4.0,broken clouds
501,Bereda,ES,43.2686,-7.5406,49.01,100,70,1.81,moderate rain
502,Morant Bay,JM,17.8815,-76.4093,85.62,73,83,13.4,broken clouds
503,Korla,CN,41.7597,86.1469,27.25,59,8,2.62,clear sky
504,Den Helder,NL,52.9599,4.7593,46.38,93,90,5.99,mist
505,Santarem,BR,-2.4431,-54.7083,87.93,74,20,4.61,few clouds
506,Nizhniy Chir,RU,48.3597,43.0865,26.28,48,1,7.36,clear sky
507,Port-Gentil,GA,-0.7193,8.7815,79.18,85,99,11.1,moderate rain
508,Kwinana,AU,-32.25,115.7667,64.24,73,2,13.2,clear sky
509,Ust-Ishim,RU,57.6935,71.1665,3.85,99,93,4.21,overcast clouds
510,Miguel Calmon,BR,-11.4289,-40.595,73.4,85,87,3.85,overcast clouds
511,Tiznit,MA,29.5833,-9.5,53.67,75,13,5.61,few clouds
512,Burnie,AU,-41.0667,145.9167,60.03,63,5,7.54,clear sky
513,Nanakuli,US,21.3906,-158.1547,84.15,56,75,5.75,broken clouds
514,Pilar,BR,-9.5972,-35.9567,80.53,75,15,10.47,few clouds
515,Jian,CN,27.1172,114.9793,48.09,62,98,1.19,overcast clouds
516,La Primavera,CO,5.4906,-70.4092,75.06,88,100,2.86,overcast clouds
517,Hofn,IS,64.2539,-15.2082,28.4,56,100,7.94,overcast clouds
518,Farafangana,MG,-22.8167,47.8333,76.39,92,99,8.75,overcast clouds
519,Verkh-Usugli,RU,52.7,115.1667,-6.29,95,36,1.63,scattered clouds
520,Altamira,BR,-3.2033,-52.2064,75.29,100,90,3.44,overcast clouds
521,Yantal,RU,56.8471,105.2542,10.99,100,98,3.91,overcast clouds
522,Hefei,CN,31.8639,117.2808,39.22,87,0,8.95,clear sky
523,Walvis Bay,NA,-22.9575,14.5053,60.1,82,51,8.05,broken clouds
524,Nalut,LY,30.3333,10.85,66.29,37,100,8.32,overcast clouds
525,Bilma,NE,18.6853,12.9164,77.68,18,0,7.09,clear sky
526,Henties Bay,NA,-22.116,14.2845,59.86,86,73,2.19,broken clouds
527,Itoman,JP,26.1247,127.6694,62.62,67,75,3.44,broken clouds
528,Kinshasa,CD,-4.3246,15.3215,73.31,96,100,3.78,moderate rain
529,Jieshi,CN,22.8134,115.8257,62.94,65,2,5.95,clear sky
530,Shatsk,RU,54.0258,41.7119,25.0,93,100,19.77,light snow
531,Qaqortoq,GL,60.7167,-46.0333,32.5,98,100,18.43,snow
532,Klyuchi,RU,52.2667,79.1667,27.99,98,100,3.69,snow
533,Sechura,PE,-5.5569,-80.8222,75.11,62,92,12.8,overcast clouds
534,Belyy Yar,RU,53.6039,91.3903,24.69,72,0,2.24,clear sky
535,Quelimane,MZ,-17.8786,36.8883,82.35,83,75,10.36,light rain
536,Maceio,BR,-9.6658,-35.7353,81.84,78,0,13.8,clear sky
537,Broken Hill,AU,-31.95,141.4333,64.71,94,100,11.74,moderate rain
538,Havoysund,NO,70.9963,24.6622,26.83,88,100,8.34,light snow
539,Pemangkat,ID,1.1667,108.9667,78.48,84,100,2.19,overcast clouds
540,Kinkala,CG,-4.3614,14.7644,71.24,96,100,1.21,moderate rain
541,Harper,LR,4.375,-7.7169,80.01,83,46,7.16,scattered clouds
542,Alofi,NU,-19.0595,-169.9187,84.09,70,40,6.91,scattered clouds
543,Mahina,PF,-17.5065,-149.489,85.77,66,20,17.27,few clouds
544,Kuldur,RU,49.2167,131.6333,5.11,98,90,2.71,overcast clouds
545,Isfana,KG,39.8386,69.5306,32.56,53,0,10.11,clear sky
546,Okitipupa,NG,6.5047,4.7839,76.8,92,10,2.13,clear sky
547,Fort-Shevchenko,KZ,44.5086,50.263,37.49,63,98,18.28,overcast clouds
548,Rovaniemi,FI,66.5,25.7167,6.21,85,0,3.44,clear sky
549,Bujaru,BR,-1.515,-48.0447,78.82,88,98,4.52,overcast clouds
550,Phan Thiet,VN,10.9333,108.1,75.54,83,100,5.28,overcast clouds
551,Guiyang,CN,26.5833,106.7167,39.69,93,40,0.0,scattered clouds
552,Aswan,EG,24.0934,32.907,69.1,30,76,8.03,broken clouds
553,San Policarpo,PH,12.1791,125.5072,81.68,84,100,12.95,overcast clouds
554,Ballina,AU,-28.8667,153.5667,73.44,99,100,8.61,moderate rain
555,Salinopolis,BR,-0.6136,-47.3561,81.5,74,65,10.71,broken clouds
556,Bela,IN,25.9333,81.9833,62.73,37,0,1.95,clear sky
557,Byron Bay,AU,-28.65,153.6167,74.05,89,100,9.75,moderate rain
558,Galesong,ID,-5.3166,119.3661,77.02,80,100,2.19,overcast clouds
559,Opuwo,NA,-18.0607,13.84,71.44,21,0,9.06,clear sky
560,San Andres,CO,12.5847,-81.7006,84.22,74,90,10.36,overcast clouds
561,Barra De Sao Francisco,BR,-18.755,-40.8908,75.33,78,100,5.46,light rain
562,Marzuq,YE,14.4,46.4667,66.04,15,48,2.82,scattered clouds
563,Sabha,LY,27.0377,14.4283,72.14,27,57,8.79,broken clouds
564,Abu Samrah,SY,35.3029,37.1841,59.22,58,23,4.81,few clouds
565,Gambela,ET,8.25,34.5833,80.91,39,77,3.8,broken clouds
566,Waterloo,CA,43.4668,-80.5164,43.72,72,90,11.99,overcast clouds
567,General Pico,AR,-35.6566,-63.7568,87.6,31,86,1.54,moderate rain
568,Wenatchee,US,47.4235,-120.3103,47.08,66,1,1.99,clear sky
569,Hillsborough,US,37.5741,-122.3794,67.73,30,1,3.0,clear sky
570,Pandan,PH,14.0453,124.1694,80.06,88,100,13.85,overcast clouds
571,Senanga,ZM,-16.1167,23.2667,81.21,24,95,2.93,overcast clouds
572,Bowen,AU,-20.0167,148.2333,78.84,84,100,7.96,light rain
573,Aripuana,BR,-9.1667,-60.6333,81.99,74,100,2.26,overcast clouds
574,Port Keats,AU,-14.25,129.55,81.73,84,100,4.32,overcast clouds
575,Krasnoselkup,RU,65.7,82.4667,6.06,95,100,11.07,overcast clouds
576,Kruisfontein,ZA,-34.0033,24.7314,57.88,86,6,3.22,clear sky
577,Pallisa,UG,1.145,33.7094,65.52,81,10,1.61,light rain
578,Lukovetskiy,RU,64.2956,41.9211,8.58,96,100,3.89,light snow
579,Mikhaylovka,RU,50.06,43.2379,20.7,59,8,9.98,clear sky
580,Comodoro Rivadavia,AR,-45.8667,-67.5,60.66,67,20,9.22,few clouds
581,Seymchan,RU,62.8833,152.4333,-26.61,98,100,0.69,overcast clouds
582,San Cristobal,VE,7.7669,-72.225,68.18,91,69,2.59,broken clouds
583,Pochutla,MX,15.7432,-96.4661,87.62,47,3,7.92,clear sky
584,Burns Lake,CA,54.2331,-125.7533,31.42,75,100,8.1,overcast clouds
585,Riyadh,SA,24.6877,46.7219,59.14,34,0,4.38,clear sky
586,Lamu,KE,-2.2717,40.902,82.62,86,72,10.78,broken clouds
587,Shiyan,CN,32.6475,110.7781,45.77,72,0,5.86,clear sky
588,Vallenar,CL,-28.5708,-70.7581,79.81,23,0,8.52,clear sky
589,Camana,PE,-16.6228,-72.7111,67.75,80,100,6.96,overcast clouds
590,Donskoy,RU,53.9711,38.3363,29.82,93,97,18.68,overcast clouds
591,Ilhabela,BR,-23.7781,-45.3581,73.58,80,62,3.4,broken clouds
592,Yerbogachen,RU,61.2767,108.0108,11.8,98,100,4.7,overcast clouds
593,Daru,PG,-9.0763,143.2092,81.07,84,100,4.05,overcast clouds
594,Silifke,TR,36.3778,33.9344,61.34,84,97,4.41,light rain
595,Karakol,KG,42.4907,78.3936,26.01,54,5,6.13,clear sky
596,Strezhevoy,RU,60.7333,77.5889,-4.02,98,100,7.05,overcast clouds
597,Tazovskiy,RU,67.4667,78.7,5.38,94,100,10.0,overcast clouds
598,Jerome,US,42.7241,-114.5186,40.55,60,1,16.11,clear sky
599,Steenwijk,NL,52.7875,6.1208,44.94,90,100,1.99,overcast clouds
600,Palmer,US,42.1584,-72.3287,42.03,27,20,9.22,few clouds
601,Maniitsoq,GL,65.4167,-52.9,30.52,69,97,6.38,overcast clouds
602,Dandong,CN,40.1292,124.3947,28.36,60,0,6.26,clear sky
603,Praia Da Vitoria,PT,38.7333,-27.0667,64.76,77,75,27.56,broken clouds
604,Shubarshi,KZ,48.5872,57.1869,8.76,83,51,11.25,broken clouds
605,Sydney,AU,-33.8679,151.2073,70.9,94,90,1.01,moderate rain
606,Sao Luiz Gonzaga,BR,-28.4083,-54.9608,89.38,28,16,7.16,few clouds
607,San Ramon,US,37.7799,-121.978,66.83,32,1,4.0,clear sky
608,Khorixas,NA,-20.3667,14.9667,64.35,38,0,5.08,clear sky
609,Uruzgan,AF,32.8333,66.0,42.76,62,5,5.19,clear sky
610,Nema,RU,57.5067,50.5011,13.51,93,100,8.55,overcast clouds
611,Dongsheng,CN,39.8161,109.9776,27.25,40,0,6.49,clear sky
612,Foam Lake,CA,51.65,-103.5343,-2.18,89,5,4.05,clear sky
613,Flin Flon,CA,54.7682,-101.865,1.24,55,1,4.61,clear sky
614,Lewiston,US,44.1003,-70.2148,38.48,47,1,11.5,clear sky
615,Gat,IL,31.61,34.7642,63.39,69,99,4.23,overcast clouds
616,Point Pedro,LK,9.8167,80.2333,78.84,86,100,14.38,moderate rain
617,Wabrzezno,PL,53.2799,18.9477,43.9,88,100,7.94,overcast clouds
618,Frontera,MX,26.9333,-101.45,82.53,26,82,6.38,broken clouds
619,Mahanoro,MG,-19.9,48.8,74.73,91,100,2.66,overcast clouds
620,Sholokhovskiy,RU,48.2807,41.0459,19.26,62,2,6.13,clear sky
621,San Buenaventura,MX,27.0833,-101.5333,82.49,26,95,3.98,overcast clouds
622,Inverness,GB,57.4791,-4.224,41.99,81,40,14.97,scattered clouds
623,Parabel,RU,58.6978,81.4825,11.37,93,97,8.88,overcast clouds
624,Mbuji-Mayi,CD,-6.15,23.6,71.2,90,69,3.2,broken clouds
625,Almeirim,BR,-1.5233,-52.5817,83.71,67,93,2.93,overcast clouds
626,Huarmey,PE,-10.0681,-78.1522,69.78,79,96,10.38,overcast clouds
627,Avila,ES,40.5833,-5.0,36.64,98,100,5.46,overcast clouds
628,Lakatoro,VU,-16.0999,167.4164,80.28,74,86,13.67,overcast clouds
629,Muisne,EC,0.6,-80.0333,80.71,80,88,10.13,overcast clouds
630,Itigi,TZ,-5.7,34.4833,70.5,53,56,0.63,broken clouds
631,Tilichiki,RU,60.4667,166.1,-1.71,97,44,6.82,scattered clouds
632,Ramacca,IT,37.3881,14.6927,58.06,94,44,1.25,scattered clouds
633,Isangel,VU,-19.55,169.2667,73.81,88,100,18.72,light rain
634,Lashio,MM,22.9333,97.75,55.35,98,8,1.74,clear sky
635,Bull Savanna,JM,17.8868,-77.5902,78.71,70,75,4.32,broken clouds
636,Hofu,JP,34.05,131.5667,53.49,70,64,9.06,broken clouds
637,Robertsport,LR,6.7533,-11.3686,81.88,77,20,8.41,few clouds
638,Richards Bay,ZA,-28.783,32.0377,67.05,60,100,11.54,overcast clouds
639,Port Lincoln,AU,-34.7333,135.8667,60.31,82,11,20.56,few clouds
640,Milevsko,CZ,49.4509,14.36,36.72,95,6,5.14,clear sky
641,Dunedin,NZ,-45.8742,170.5036,60.6,64,100,1.97,overcast clouds
642,Grodig,AT,47.7333,13.0333,32.52,93,75,3.44,broken clouds
643,Sabla,NG,12.7525,4.7077,83.82,16,100,9.55,overcast clouds
644,Nome,US,64.5011,-165.4064,-2.13,65,1,9.22,clear sky
645,Singuilucan,MX,19.9667,-98.5167,62.42,48,59,2.95,broken clouds
646,Progreso,MX,21.2833,-89.6667,86.11,58,3,14.29,clear sky
647,Norfolk,US,42.1668,-71.2495,41.88,35,0,1.01,clear sky
648,Coihaique,CL,-45.5752,-72.0662,61.41,51,75,6.91,broken clouds
649,Sosnovo-Ozerskoye,RU,52.5249,111.5418,-3.93,100,95,2.91,overcast clouds
650,Solton,RU,52.8429,86.4787,27.72,95,100,6.93,light snow
651,Acarau,BR,-2.8856,-40.12,82.06,76,18,16.8,few clouds
652,Roald,NO,62.5833,6.1333,40.15,87,75,8.05,light intensity shower rain
653,Cervo,ES,43.6702,-7.4101,51.96,79,74,8.9,broken clouds
654,Chimoio,MZ,-19.1164,33.4833,68.0,96,100,6.06,light rain
655,Trinidad,BO,-14.8333,-64.9,82.38,83,75,6.91,heavy intensity rain
656,Kisangani,CD,0.5167,25.2,73.92,75,34,1.14,scattered clouds
657,Yar-Sale,RU,66.8333,70.8333,1.63,97,100,2.95,overcast clouds
658,Aykino,RU,62.2248,49.9922,8.47,97,100,4.72,overcast clouds
659,Nahrin,AF,36.0649,69.1334,49.24,42,92,2.01,overcast clouds
660,Kautokeino,NO,69.0125,23.0412,-6.88,100,82,2.37,broken clouds
661,Palaikastron,GR,35.2,26.25,61.75,76,100,13.65,overcast clouds
662,Kitami,JP,43.8031,143.8908,28.11,68,65,4.59,broken clouds
663,Port Macquarie,AU,-31.4333,152.9167,71.89,100,90,9.22,light rain
664,Mogzon,RU,51.7435,111.9606,-1.37,100,97,1.95,overcast clouds
665,At-Bashi,KG,41.1702,75.8106,20.77,52,41,2.66,scattered clouds
666,Panji,ID,-7.7253,114.0995,76.01,85,94,4.65,overcast clouds
667,Raudeberg,NO,61.9875,5.1352,37.2,63,100,11.36,overcast clouds
668,Asosa,ET,10.0667,34.5333,69.73,38,96,2.89,overcast clouds
669,Lae,PG,-6.7221,146.9847,78.64,78,98,6.04,overcast clouds
670,Gold Coast,AU,-28.0,153.4333,75.24,97,75,1.01,light intensity shower rain
671,Pastos Bons,BR,-6.6017,-44.0767,79.09,72,97,3.11,overcast clouds
672,Cabra,ES,37.4725,-4.4421,50.4,79,98,1.99,overcast clouds
673,Les Herbiers,FR,46.8667,-1.0167,36.39,77,72,8.05,broken clouds
674,Tashtyp,RU,52.7939,89.8983,14.56,95,89,3.09,overcast clouds
675,Kizema,RU,61.113,44.8302,20.97,94,100,7.2,light snow
676,Darnah,LY,32.767,22.6367,64.89,77,40,9.08,scattered clouds
677,Saint-Augustin,CA,51.226,-58.6502,45.48,96,100,15.59,overcast clouds
678,Itarema,BR,-2.9248,-39.9167,81.66,76,23,15.93,few clouds
679,Ouargaye,BF,11.5033,0.0572,84.74,17,0,8.03,clear sky
680,Revda,RU,56.801,59.9303,9.41,93,92,8.95,overcast clouds
681,Bilibino,RU,68.0546,166.4372,-8.41,89,100,0.65,overcast clouds
682,Bojnurd,IR,37.4747,57.329,39.15,65,0,2.3,clear sky
683,Acari,PE,-15.4311,-74.6158,73.06,66,97,7.25,overcast clouds
684,Tabou,CI,4.423,-7.3528,80.08,83,38,6.87,scattered clouds
685,Shenjiamen,CN,29.9576,122.298,51.35,65,5,5.91,clear sky
686,Wajir,KE,1.7471,40.0573,86.97,35,11,7.09,few clouds
687,Iracoubo,GF,5.4802,-53.2011,81.07,79,90,7.38,overcast clouds
688,Bairiki,KI,1.3292,172.9752,84.2,70,20,8.05,few clouds
689,Xanlar,AZ,40.5869,46.3158,45.91,71,90,11.5,overcast clouds
690,Bay Roberts,CA,47.5999,-53.2648,51.06,90,100,7.0,overcast clouds
691,Alice Springs,AU,-23.7,133.8833,60.35,82,0,9.22,clear sky
692,Clyde River,CA,70.4692,-68.5914,5.23,85,89,16.11,overcast clouds
693,Skjervoy,NO,70.0311,20.9714,28.04,63,81,8.66,broken clouds
694,Alamosa,US,37.4695,-105.87,49.98,29,90,1.32,overcast clouds
695,Sehithwa,BW,-20.4667,22.7167,78.75,17,0,5.99,clear sky
696,Fare,PF,-16.7,-151.0167,80.87,73,9,7.2,clear sky
697,Ayacucho,PE,-13.1583,-74.2239,66.06,48,40,2.3,scattered clouds
698,Usinsk,RU,65.9939,57.5281,4.6,97,100,10.02,overcast clouds
699,Moussoro,TD,13.6408,16.4901,81.41,13,0,12.24,clear sky
700,Kirakira,SB,-10.4544,161.9205,82.98,76,43,9.33,scattered clouds
701,Yatou,CN,37.15,122.3833,39.72,69,0,7.87,clear sky
702,Houston,US,29.7633,-95.3633,77.18,71,90,11.01,overcast clouds
703,Changping,CN,40.2186,116.2197,24.44,46,0,6.67,clear sky
704,Karpogory,RU,64.0019,44.4451,17.87,96,100,2.39,light snow
705,Wladyslawowo,PL,54.7909,18.4009,45.93,87,92,15.19,overcast clouds
706,Lugovoy,KZ,42.9472,72.7644,46.49,42,10,8.63,clear sky
707,Berdigestyakh,RU,62.0989,126.6992,-18.18,96,100,3.13,overcast clouds
708,Nouadhibou,MR,20.931,-17.0347,78.78,57,100,13.8,overcast clouds
709,Valley City,US,46.9233,-98.0032,20.39,67,90,18.41,light snow
710,Cumana,VE,10.4635,-64.1775,86.09,79,95,9.46,overcast clouds
711,General Roca,AR,-39.0333,-67.5833,93.6,13,99,10.63,overcast clouds
